100000000000001,2951,団体名,1234567800,1
100000000000002,2951,団体名,1234567800,2
100000000000003,2990,団体名,1234567890,1
100000000000004,2951,団体名,1234567800,3
100000000000005,2951,団体名,1234567800,4
100000000000006,2966,団体名,1234567890,1
100000000000007,2966,団体名,1234567890,2
100000000000008,2966,団体名,1234567890,3
100000000000009,2978,団体名,1234567890,1
100000000000010,2978,団体名,1234567890,1
100000000000011,2951,団体名,1234567801,1
100000000000012,2951,団体名,1234567801,2
100000000000013,2978,団体名,1234567890,1
100000000000014,2951,団体名,1234567801,3
100000000000015,2990,団体名,1234567890,2
100000000000016,2990,団体名,1234567890,3
100000000000017,2951,団体名,1234567801,4
100000000000018,2990,団体名,1234567890,4
100000000000019,2990,団体名,1234567890,5
100000000000020,2951,団体名,1234567801,5
