100000000000001,21,2951,団体名,1000000001
100000000000002,22,2951,団体名,1000000001
100000000000003,23,2951,団体名,1000000001
100000000000004,24,2951,団体名,1000000001
100000000000005,25,2951,団体名,1000000001
100000000000006,26,2951,団体名,1000000001
100000000000007,27,2951,団体名,1000000001
100000000000008,28,2951,団体名,1000000001
100000000000009,29,2951,団体名,1000000001
100000000000010,30,2951,団体名,1000000001
100000000000011,23,2978,団体名,1000000001
100000000000012,23,2978,団体名,1000000001
100000000000013,23,2978,団体名,1000000001
100000000000014,23,2978,団体名,1000000001
100000000000015,23,2978,団体名,1000000001
100000000000016,21,2978,団体名,1000000001
100000000000017,23,2978,団体名,1000000001
100000000000018,21,2978,団体名,1000000001
100000000000019,22,2978,団体名,1000000001
100000000000020,21,2978,団体名,1000000001
100000000000021,23,2978,団体名,1000000001
100000000000022,22,2978,団体名,1000000001
100000000000023,23,2978,団体名,1000000001
100000000000024,23,2978,団体名,1000000001
100000000000025,22,2978,団体名,1000000001
100000000000026,23,2978,団体名,1000000001
100000000000027,21,2978,団体名,1000000001
100000000000028,21,2978,団体名,1000000001
100000000000029,23,2978,団体名,1000000001
100000000000030,22,2978,団体名,1000000001
100000000000011,23,2978,団体名,1000000001
100000000000012,23,2978,団体名,1000000001
100000000000013,23,2978,団体名,1000000001
100000000000014,23,2978,団体名,1000000001
100000000000015,23,2978,団体名,1000000001
100000000000016,21,2978,団体名,1000000001
100000000000017,23,2978,団体名,1000000001
100000000000018,21,2978,団体名,1000000001
100000000000019,22,2978,団体名,1000000001
100000000000020,21,2978,団体名,1000000001
100000000000021,23,2978,団体名,1000000001
100000000000022,22,2978,団体名,1000000001
100000000000023,23,2978,団体名,1000000001
100000000000024,23,2978,団体名,1000000001
100000000000025,22,2978,団体名,1000000001
100000000000026,23,2978,団体名,1000000001
100000000000027,21,2978,団体名,1000000001
100000000000028,21,2978,団体名,1000000001
100000000000029,23,2978,団体名,1000000001
100000000000030,22,2978,団体名,1000000001
100000000000011,23,2978,団体名,1000000001
100000000000012,23,2978,団体名,1000000001
100000000000013,23,2978,団体名,1000000001
100000000000014,23,2978,団体名,1000000001
100000000000015,23,2978,団体名,1000000001
100000000000016,21,2978,団体名,1000000001
100000000000017,23,2978,団体名,1000000001
100000000000018,21,2978,団体名,1000000001
100000000000019,22,2978,団体名,1000000001
100000000000020,21,2978,団体名,1000000001
100000000000021,23,2978,団体名,1000000001
100000000000022,22,2978,団体名,1000000001
100000000000023,23,2978,団体名,1000000001
100000000000024,23,2978,団体名,1000000001
100000000000025,22,2978,団体名,1000000001
100000000000026,23,2978,団体名,1000000001
100000000000027,21,2978,団体名,1000000001
100000000000028,21,2978,団体名,1000000001
100000000000029,23,2978,団体名,1000000001
100000000000030,22,2978,団体名,1000000001
100000000000011,23,2978,団体名,1000000001
100000000000012,23,2978,団体名,1000000001
100000000000013,23,2978,団体名,1000000001
100000000000014,23,2978,団体名,1000000001
100000000000015,23,2978,団体名,1000000001
100000000000016,21,2978,団体名,1000000001
100000000000017,23,2978,団体名,1000000001
100000000000018,21,2978,団体名,1000000001
100000000000019,22,2978,団体名,1000000001
100000000000020,21,2978,団体名,1000000001
100000000000021,23,2978,団体名,1000000001
100000000000022,22,2978,団体名,1000000001
100000000000023,23,2978,団体名,1000000001
100000000000024,23,2978,団体名,1000000001
100000000000025,22,2978,団体名,1000000001
100000000000026,23,2978,団体名,1000000001
100000000000027,21,2978,団体名,1000000001
100000000000028,21,2978,団体名,1000000001
100000000000029,23,2978,団体名,1000000001
100000000000030,22,2978,団体名,1000000001
100000000000011,23,2978,団体名,1000000001
100000000000012,23,2978,団体名,1000000001
100000000000013,23,2978,団体名,1000000001
100000000000014,23,2978,団体名,1000000001
100000000000015,23,2978,団体名,1000000001
100000000000016,21,2978,団体名,1000000001
100000000000017,23,2978,団体名,1000000001
100000000000018,21,2978,団体名,1000000001
100000000000019,22,2978,団体名,1000000001
100000000000020,21,2978,団体名,1000000001
100000000000021,23,2978,団体名,1000000001
100000000000022,22,2978,団体名,1000000001
100000000000023,23,2978,団体名,1000000001
100000000000024,23,2978,団体名,1000000001
100000000000025,22,2978,団体名,1000000001
100000000000026,23,2978,団体名,1000000001
100000000000027,21,2978,団体名,1000000001
100000000000028,21,2978,団体名,1000000001
100000000000029,23,2978,団体名,1000000001
100000000000030,22,2978,団体名,1000000001
100000000000011,23,2978,団体名,1000000001
100000000000012,23,2978,団体名,1000000001
100000000000013,23,2978,団体名,1000000001
100000000000014,23,2978,団体名,1000000001
100000000000015,23,2978,団体名,1000000001
100000000000016,21,2978,団体名,1000000001
100000000000017,23,2978,団体名,1000000001
100000000000018,21,2978,団体名,1000000001
100000000000019,22,2978,団体名,1000000001
100000000000020,21,2978,団体名,1000000001
100000000000021,23,2978,団体名,1000000001
100000000000022,22,2978,団体名,1000000001
100000000000023,23,2978,団体名,1000000001
100000000000024,23,2978,団体名,1000000001
100000000000025,22,2978,団体名,1000000001
100000000000026,23,2978,団体名,1000000001
